,result,champion,kill,death,assist,dmg_dealt,dmg_taken,game_type,length,kill_percentage,average_tier,cs,cs_per_minute,items,control_wards,baron,dragon,tower
0,Defeat,Kayn,11 , 5 , 6,"20,595","34,525",Normal,25m 36s,P/Kill 68%,silver 4,145,(5.7),"[""Death's Dance"", ""Caulfield's Warhammer"", ""Sandshrike's Claw"", 'Plated Steelcaps', 'Oracle Lens']",Control Ward 3,0,1,1
1,Defeat,Zed,3 , 4 , 0,"5,744","7,314",Normal,15m 29s,P/Kill 60%,silver 1,63,(4.1),"['Eclipse', 'Ionian Boots of Lucidity', 'Refillable Potion', 'Oracle Lens']",Control Ward 3,0,0,0
2,Defeat,Renekton,5 , 10 , 14,"15,568","30,215",ARAM,16m 48s,P/Kill 59%,gold 3,57,(3.4),"['Plated Steelcaps', 'Black Cleaver', ""Prowler's Claw"", 'Tiamat', 'Vampiric Scepter', 'Long Sword', 'Poro-Snax']",Control Ward 0,0,0,0
3,Defeat,Mordekaiser,11 , 10 , 16,"22,274","26,210",ARAM,16m 39s,P/Kill 61%,silver 3,36,(2.2),"['Riftmaker', ""Sorcerer's Shoes"", 'Refillable Potion', ""Nashor's Tooth"", ""Zhonya's Hourglass"", 'Poro-Snax']",Control Ward 0,0,0,2
4,Defeat,Vi,14 , 7 , 10,"29,847","32,168",Ranked Solo,33m 14s,P/Kill 62%,bronze 2,154,(4.6),"['Thornmail', 'Refillable Potion', 'Eclipse', 'Plated Steelcaps', ""Death's Dance"", 'Black Cleaver', 'Oracle Lens']",Control Ward 1,1,2,4
5,Defeat,LeBlanc,9 , 8 , 9,"23,139","34,045",Ranked Solo,37m 57s,P/Kill 33%,bronze 1,171,(4.5),"[""Sorcerer's Shoes"", 'Blighting Jewel', ""Zhonya's Hourglass"", 'Blasting Wand', 'Shadowflame', ""Luden's Tempest"", 'Farsight Alteration']",Control Ward 4,2,0,8
6,Victory,Zed,5 , 2 , 5,"8,680","6,088",Normal,15m 33s,P/Kill 45%,silver 2,73,(4.7),"['Eclipse', 'Refillable Potion', 'Ionian Boots of Lucidity', 'Serrated Dirk', 'Oracle Lens']",Control Ward 3,0,2,2
7,Victory,Zed,3 , 2 , 5,"5,345","7,969",Normal,15m 30s,P/Kill 42%,silver 2,72,(4.6),"['Eclipse', 'Refillable Potion', ""Mercury's Treads"", 'Oracle Lens']",Control Ward 3,0,1,1
8,Defeat,Zed,12 , 4 , 3,"22,859","19,118",Normal,28m 14s,P/Kill 54%,silver 3,175,(6.2),"['Eclipse', 'Ravenous Hydra', 'Refillable Potion', 'Black Cleaver', 'Ionian Boots of Lucidity', ""Caulfield's Warhammer"", 'Oracle Lens']",Control Ward 2,0,2,8
9,Defeat,Kayn,3 , 6 , 0,"7,704","24,200",Normal,20m 47s,P/Kill 50%,silver 2,106,(5.1),"['Cloth Armor', 'Refillable Potion', ""Prowler's Claw"", ""Caulfield's Warhammer"", 'Plated Steelcaps', 'Oracle Lens']",Control Ward 5,0,2,1
10,Victory,Kayn,5 , 5 , 14,"24,623","46,558",Normal,44m 4s,P/Kill 51%,bronze 1,281,(6.4),"['Refillable Potion', ""Death's Dance"", ""Prowler's Claw"", ""Serylda's Grudge"", ""Caulfield's Warhammer"", 'Plated Steelcaps', 'Oracle Lens']",Control Ward 4,2,4,11
11,Defeat,Vi,2 , 7 , 2,"8,907","23,709",Normal,32m 21s,P/Kill 15%,silver 3,179,(5.5),"['Plated Steelcaps', 'Refillable Potion', 'Eclipse', ""Death's Dance"", ""Caulfield's Warhammer"", 'Kindlegem', 'Oracle Lens']",Control Ward 3,0,0,5
12,Victory,Zed,8 , 2 , 3,"15,955","12,599",Normal,24m 12s,P/Kill 39%,silver 4,146,(6),"['Refillable Potion', 'Long Sword', ""Prowler's Claw"", 'Serrated Dirk', ""Mercury's Treads"", 'Long Sword', 'Oracle Lens']",Control Ward 2,0,3,5
13,Defeat,Vi,6 , 12 , 11,"21,314","33,967",Normal,36m 51s,P/Kill 49%,bronze 1,174,(4.7),"[""Death's Dance"", 'Eclipse', 'Thornmail', 'Plated Steelcaps', ""Caulfield's Warhammer"", 'Kindlegem', 'Oracle Lens']",Control Ward 2,0,1,5
14,Victory,Vi,7 , 3 , 19,"21,502","25,744",Normal,32m 53s,P/Kill 62%,silver 4,169,(5.1),"[""Death's Dance"", 'Refillable Potion', 'Thornmail', 'Eclipse', 'Plated Steelcaps', 'Oracle Lens']",Control Ward 1,0,4,7
15,Defeat,Zed,4 , 5 , 7,"13,642","14,973",Normal,27m 57s,P/Kill 58%,gold 4,139,(5),"['Ravenous Hydra', 'Refillable Potion', ""Prowler's Claw"", ""Mercury's Treads"", 'Long Sword', 'Oracle Lens']",Control Ward 1,0,0,2
16,Victory,Cassiopeia,2 , 3 , 5,"8,803","11,140",Normal,23m 48s,P/Kill 23%,gold 3,105,(4.4),"['Tear of the Goddess', 'Refillable Potion', ""Liandry's Anguish"", ""Giant's Belt"", 'Amplifying Tome', 'Blasting Wand', 'Oracle Lens']",Control Ward 2,0,2,4
17,Victory,Vi,10 , 0 , 6,"12,143","16,497",Normal,28m 44s,P/Kill 37%,silver 3,172,(6),"[""Death's Dance"", 'Eclipse', 'Refillable Potion', 'Plated Steelcaps', 'Black Cleaver', 'Bramble Vest', 'Oracle Lens']",Control Ward 0,1,4,9
18,Defeat,Kayn,5 , 4 , 3,"18,800","44,107",Ranked Solo,33m 31s,P/Kill 38%,bronze 1,209,(6.2),"['Black Cleaver', 'Refillable Potion', 'Goredrinker', ""Mercury's Treads"", 'Spirit Visage', 'Oracle Lens']",Control Ward 2,1,1,3
19,Victory,Zed,4 , 1 , 3,"11,869","10,659",Normal,21m 30s,P/Kill 27%,silver 4,149,(6.9),"['Ionian Boots of Lucidity', 'Refillable Potion', ""Prowler's Claw"", 'Vampiric Scepter', 'Tiamat', 'Long Sword', 'Oracle Lens']",Control Ward 4,0,3,6
20,Victory,Vi,10 , 4 , 4,"28,037","28,834",Normal,32m 52s,P/Kill 64%,silver 3,235,(7.2),"['Plated Steelcaps', 'Long Sword', ""Death's Dance"", ""Caulfield's Warhammer"", 'Eclipse', 'Kindlegem', 'Oracle Lens']",Control Ward 2,1,4,11
21,Victory,Kayn,3 , 1 , 7,"5,281","22,107",Normal,25m 18s,P/Kill 27%,bronze 1,170,(6.7),"['Refillable Potion', ""Death's Dance"", ""Prowler's Claw"", ""Caulfield's Warhammer"", 'Plated Steelcaps', 'Oracle Lens']",Control Ward 1,1,3,4
22,Defeat,Sejuani,4 , 10 , 20,"29,169","73,042",Ranked Solo,40m 28s,P/Kill 55%,bronze 1,218,(5.4),"['Sunfire Aegis', 'Heartsteel', 'Thornmail', 'Force of Nature', 'Plated Steelcaps', 'Oracle Lens']",Control Ward 0,0,3,4
23,Defeat,Sejuani,5 , 8 , 9,"16,057","49,937",Ranked Solo,35m 1s,P/Kill 37%,bronze 2,165,(4.7),"['Force of Nature', 'Heartsteel', 'Thornmail', 'Plated Steelcaps', ""Warden's Mail"", 'Glacial Buckler', 'Oracle Lens']",Control Ward 2,0,1,5
24,Defeat,Kayn,7 , 6 , 3,"14,957","37,431",Normal,34m 35s,P/Kill 43%,bronze 1,203,(5.9),"[""Death's Dance"", 'Black Cleaver', ""Prowler's Claw"", 'Plated Steelcaps', 'Oracle Lens']",Control Ward 3,0,3,2
25,Defeat,Kayn,2 , 11 , 12,"13,640","38,876",Normal,28m 35s,P/Kill 67%,silver 3,123,(4.3),"['Plated Steelcaps', 'Refillable Potion', 'Goredrinker', ""Death's Dance"", 'Kindlegem', 'Oracle Lens']",Control Ward 2,0,0,1
26,Victory,Ornn,9 , 6 , 21,"12,461","21,133",ARAM,16m 57s,P/Kill 83%,silver 2,26,(1.5),"['The Unspoken Parasite', 'Refillable Potion', 'Thornmail', 'Plated Steelcaps', 'Force of Nature', 'Poro-Snax']",Control Ward 0,0,0,4
27,Victory,Yone,23 , 13 , 24,"67,737","42,821",ARAM,25m 41s,P/Kill 64%,silver 2,114,(4.4),"['Immortal Shieldbow', ""Berserker's Greaves"", 'Infinity Edge', 'Bloodthirster', ""Death's Dance"", ""Wit's End"", 'Poro-Snax']",Control Ward 0,0,0,4
28,Victory,Lee Sin,6 , 10 , 26,"18,308","30,696",ARAM,19m 22s,P/Kill 68%,bronze 2,24,(1.2),"['Plated Steelcaps', ""Death's Dance"", 'Goredrinker', 'Black Cleaver', 'Pickaxe', 'Poro-Snax']",Control Ward 0,0,0,4
29,Victory,Kayn,5 , 1 , 2,"7,046","19,383",Normal,19m 43s,P/Kill 39%,gold 4,144,(7.3),"['Manamune', 'Long Sword', ""Prowler's Claw"", 'Long Sword', 'Refillable Potion', 'Slightly Magical Footwear', 'Oracle Lens']",Control Ward 0,0,2,2
30,Victory,Kayn,4 , 3 , 2,"5,488","16,710",Normal,17m 51s,P/Kill 27%,gold 4,106,(5.9),"['Gustwalker Hatchling', 'Refillable Potion', ""Prowler's Claw"", 'Ionian Boots of Lucidity', 'Tear of the Goddess', 'Long Sword', 'Oracle Lens']",Control Ward 0,0,1,3
31,Victory,Kayn,15 , 9 , 8,"31,339","45,814",Normal,39m 34s,P/Kill 49%,silver 4,226,(5.7),"['Muramana', ""Serpent's Fang"", ""Prowler's Claw"", ""Serylda's Grudge"", 'Ionian Boots of Lucidity', 'Serrated Dirk', 'Oracle Lens']",Control Ward 1,0,4,8
32,Defeat,Kayn,1 , 5 , 7,"4,961","22,840",Normal,20m 34s,P/Kill 42%,silver 1,102,(5),"['Mosstomper Seedling', 'Refillable Potion', 'Goredrinker', 'Plated Steelcaps', 'Chain Vest', ""Caulfield's Warhammer"", 'Oracle Lens']",Control Ward 2,0,1,1
33,Victory,Kayn,4 , 4 , 6,"10,423","21,137",Normal,20m 34s,P/Kill 43%,silver 2,110,(5.3),"['Plated Steelcaps', 'Goredrinker', 'Refillable Potion', 'Chain Vest', ""Caulfield's Warhammer"", 'Oracle Lens']",Control Ward 0,0,1,5
34,Victory,Kayn,5 , 3 , 7,"8,412","23,185",Normal,22m 31s,P/Kill 48%,silver 2,132,(5.9),"[""Death's Dance"", 'Plated Steelcaps', 'Goredrinker', 'Refillable Potion', 'Oracle Lens']",Control Ward 1,0,3,3
35,Victory,Yone,9 , 10 , 27,"37,892","32,666",ARAM,23m 43s,P/Kill 55%,silver 4,62,(2.6),"['Immortal Shieldbow', ""Berserker's Greaves"", 'Infinity Edge', 'Bloodthirster', ""Wit's End"", 'Poro-Snax']",Control Ward 0,0,0,4
36,Victory,Gragas,9 , 8 , 24,"22,481","25,235",ARAM,18m 35s,P/Kill 62%,silver 4,29,(1.6),"[""Luden's Tempest"", ""Sorcerer's Shoes"", 'Shadowflame', ""Rabadon's Deathcap"", 'Amplifying Tome', 'Poro-Snax']",Control Ward 0,0,0,4
37,Victory,Janna,2 , 4 , 46,"12,066","11,702",ARAM,16m 55s,P/Kill 79%,gold 4,27,(1.6),"[""Liandry's Anguish"", ""Sorcerer's Shoes"", 'Demonic Embrace', 'Blighting Jewel', 'Blasting Wand', 'Poro-Snax']",Control Ward 0,0,0,4
38,Victory,Zed,10 , 2 , 12,"39,431","24,631",Normal,44m 2s,P/Kill 58%,silver 2,287,(6.5),"['Eclipse', 'Black Cleaver', ""Youmuu's Ghostblade"", ""Mercury's Treads"", 'Ravenous Hydra', ""Caulfield's Warhammer"", 'Oracle Lens']",Control Ward 1,0,3,9
39,Victory,Zed,6 , 1 , 2,"7,515","6,443",Normal,15m 41s,P/Kill 40%,silver 3,100,(6.4),"['Ionian Boots of Lucidity', 'Refillable Potion', ""Prowler's Claw"", 'Tiamat', 'Long Sword', 'Oracle Lens']",Control Ward 2,0,2,1
40,Victory,Kayn,6 , 4 , 8,"10,402","26,335",Normal,26m 41s,P/Kill 35%,gold 4,168,(6.3),"[""Death's Dance"", 'Plated Steelcaps', 'Goredrinker', ""Caulfield's Warhammer"", 'Refillable Potion', 'Kindlegem', 'Oracle Lens']",Control Ward 1,0,3,11
41,Defeat,Kayn,4 , 6 , 6,"15,285","35,851",Normal,32m 4s,P/Kill 43%,silver 3,195,(6.1),"['Plated Steelcaps', 'Long Sword', ""Prowler's Claw"", ""Death's Dance"", 'Kindlegem', ""Caulfield's Warhammer"", 'Oracle Lens']",Control Ward 1,0,0,4
42,Defeat,Vi,3 , 4 , 3,"7,664","14,618",Normal,22m 54s,P/Kill 46%,bronze 1,106,(4.6),"['Pickaxe', 'Eclipse', 'Refillable Potion', 'Plated Steelcaps', 'Chain Vest', ""Caulfield's Warhammer"", 'Oracle Lens']",Control Ward 1,0,0,1
43,Victory,Kayn,3 , 8 , 18,"19,483","41,073",Normal,36m 31s,P/Kill 48%,silver 3,195,(5.3),"['Black Cleaver', ""Death's Dance"", ""Prowler's Claw"", 'Plated Steelcaps', 'Long Sword', 'Oracle Lens']",Control Ward 2,0,4,7
44,Defeat,Lux,7 , 13 , 29,"42,379","27,519",ARAM,25m 38s,P/Kill 60%,bronze 2,81,(3.2),"[""Luden's Tempest"", 'Hextech Alternator', ""Sorcerer's Shoes"", 'Shadowflame', ""Rabadon's Deathcap"", 'Void Staff', 'Poro-Snax']",Control Ward 0,0,0,1
45,Victory,Malzahar,16 , 10 , 27,"29,272","30,269",ARAM,24m 23s,P/Kill 51%,silver 4,128,(5.2),"[""Liandry's Anguish"", ""Sorcerer's Shoes"", ""Zhonya's Hourglass"", ""Rabadon's Deathcap"", 'Demonic Embrace', ""Rylai's Crystal Scepter"", 'Poro-Snax']",Control Ward 0,0,0,2
46,Victory,Lux,5 , 2 , 20,"8,158","6,201",ARAM,12m 27s,P/Kill 78%,silver 2,29,(2.3),"[""Liandry's Anguish"", 'Refillable Potion', ""Sorcerer's Shoes"", 'Needlessly Large Rod', 'Poro-Snax']",Control Ward 0,0,0,1
47,Defeat,Lux,9 , 7 , 39,"28,560","18,367",ARAM,23m 5s,P/Kill 73%,silver 2,71,(3.1),"[""Luden's Tempest"", ""Sorcerer's Shoes"", ""Zhonya's Hourglass"", ""Rabadon's Deathcap"", 'Blighting Jewel', 'Shadowflame', 'Poro-Snax']",Control Ward 0,0,0,1
48,Defeat,Zed,2 , 5 , 1,"7,924","10,943",Normal,18m 38s,P/Kill 75%,silver 4,100,(5.4),"['Refillable Potion', ""Prowler's Claw"", 'Long Sword', 'Ionian Boots of Lucidity', 'Oracle Lens']",Control Ward 2,0,0,1
49,Defeat,Malzahar,7 , 6 , 20,"16,931","15,534",ARAM,17m 33s,P/Kill 82%,bronze 1,97,(5.5),"[""Liandry's Anguish"", 'Refillable Potion', 'Broken Stopwatch', ""Rylai's Crystal Scepter"", ""Sorcerer's Shoes"", ""Seeker's Armguard"", 'Poro-Snax']",Control Ward 0,0,0,1
50,Victory,Xerath,10 , 9 , 40,"37,956","22,304",ARAM,21m 36s,P/Kill 79%,silver 2,57,(2.6),"[""Luden's Tempest"", ""Sorcerer's Shoes"", 'Horizon Focus', 'Shadowflame', 'Void Staff', 'Poro-Snax']",Control Ward 0,0,0,4
51,Victory,Vayne,10 , 8 , 13,"20,697","16,308",ARAM,17m 5s,P/Kill 47%,silver 2,45,(2.6),"['Kraken Slayer', ""Berserker's Greaves"", 'Blade of The Ruined King', 'Phantom Dancer', 'Poro-Snax']",Control Ward 0,0,0,4
52,Victory,Kayn,3 , 0 , 21,"14,586","26,244",Normal,27m 55s,P/Kill 56%,silver 1,220,(7.9),"[""Death's Dance"", 'Refillable Potion', 'Goredrinker', 'Plated Steelcaps', 'Black Cleaver', 'Oracle Lens']",Control Ward 0,1,3,10
53,Defeat,Zed,9 , 5 , 8,"21,510","16,524",Normal,29m 13s,P/Kill 44%,gold 2,181,(6.2),"['Refillable Potion', 'Ravenous Hydra', ""Youmuu's Ghostblade"", 'Eclipse', 'Ionian Boots of Lucidity', ""Caulfield's Warhammer"", 'Oracle Lens']",Control Ward 3,0,3,3
54,Victory,Zed,10 , 1 , 3,"24,669","13,695",Normal,27m 9s,P/Kill 41%,bronze 2,168,(6.2),"[""Youmuu's Ghostblade"", 'Refillable Potion', ""Prowler's Claw"", 'Ionian Boots of Lucidity', 'Ravenous Hydra', 'Long Sword', 'Oracle Lens']",Control Ward 2,0,3,11
55,Victory,Zed,7 , 5 , 7,"18,609","11,613",Normal,31m 0s,P/Kill 56%,silver 4,197,(6.4),"['Eclipse', 'Refillable Potion', ""Youmuu's Ghostblade"", ""Mercury's Treads"", ""Caulfield's Warhammer"", 'Long Sword', 'Oracle Lens']",Control Ward 3,0,3,5
56,Victory,Zed,13 , 8 , 10,"44,800","27,326",Normal,41m 42s,P/Kill 56%,bronze 3,239,(5.7),"['Duskblade of Draktharr', ""Serpent's Fang"", 'Ionian Boots of Lucidity', 'Ravenous Hydra', ""Serylda's Grudge"", ""Caulfield's Warhammer"", 'Oracle Lens']",Control Ward 2,0,1,6
57,Defeat,Yuumi,3 , 6 , 36,"15,335","14,006",ARAM,24m 7s,P/Kill 89%,silver 1,5,(0.2),"['Moonstone Renewer', 'Staff of Flowing Water', 'Redemption', 'Chemtech Putrifier', 'Ardent Censer', 'Poro-Snax']",Control Ward 0,0,0,2
58,Defeat,Ziggs,4 , 9 , 28,"42,752","29,244",ARAM,27m 42s,P/Kill 58%,silver 1,83,(3),"[""Liandry's Anguish"", ""Sorcerer's Shoes"", 'Shadowflame', 'Demonic Embrace', 'Morellonomicon', 'Void Staff', 'Poro-Snax']",Control Ward 0,0,0,3
59,Defeat,Kayn,7 , 8 , 6,"17,259","35,432",Normal,31m 38s,P/Kill 54%,bronze 1,167,(5.3),"[""Serylda's Grudge"", 'Refillable Potion', ""Prowler's Claw"", 'Muramana', 'Ionian Boots of Lucidity', ""Caulfield's Warhammer"", 'Oracle Lens']",Control Ward 2,0,0,0
60,Defeat,Zed,20 , 13 , 7,"49,797","37,249",Normal,44m 13s,P/Kill 50%,silver 2,267,(6),"['Duskblade of Draktharr', 'Ravenous Hydra', ""Youmuu's Ghostblade"", 'Ionian Boots of Lucidity', ""Serylda's Grudge"", 'Black Cleaver', 'Oracle Lens']",Control Ward 1,1,2,6
61,Defeat,Zed,6 , 8 , 3,"25,083","16,767",Flex 5:5 Rank,30m 2s,P/Kill 56%,silver 1,163,(5.4),"['Eclipse', 'Refillable Potion', ""Youmuu's Ghostblade"", 'Ionian Boots of Lucidity', ""Serylda's Grudge"", 'Long Sword', 'Oracle Lens']",Control Ward 3,0,0,3
62,Defeat,Zed,6 , 5 , 6,"28,157","24,247",Normal,36m 38s,P/Kill 36%,silver 4,280,(7.6),"['Eclipse', 'Black Cleaver', 'Ionian Boots of Lucidity', 'Ravenous Hydra', ""Serpent's Fang"", ""Caulfield's Warhammer"", 'Oracle Lens']",Control Ward 1,1,3,6
63,Victory,Lux,8 , 3 , 31,"17,292","8,077",ARAM,14m 38s,P/Kill 76%,silver 4,40,(2.7),"[""Luden's Tempest"", ""Sorcerer's Shoes"", 'Refillable Potion', 'Shadowflame', 'Fiendish Codex', 'Blighting Jewel', 'Poro-Snax']",Control Ward 0,0,0,4
64,Victory,LeBlanc,9 , 6 , 13,"17,759","14,919",ARAM,15m 53s,P/Kill 51%,silver 4,34,(2.1),"[""Luden's Tempest"", ""Sorcerer's Shoes"", 'Refillable Potion', 'Shadowflame', 'Void Staff', 'Amplifying Tome', 'Poro-Snax']",Control Ward 0,0,0,4
65,Victory,Zed,5 , 3 , 9,"14,046","14,560",Normal,31m 35s,P/Kill 38%,silver 3,140,(4.4),"['Eclipse', 'Refillable Potion', ""Mercury's Treads"", 'Ravenous Hydra', ""Caulfield's Warhammer"", 'Oracle Lens']",Control Ward 3,0,4,7
66,Defeat,Vladimir,14 , 13 , 16,"39,720","45,664",ARAM,27m 23s,P/Kill 43%,bronze 1,72,(2.6),"['Night Harvester', ""Sorcerer's Shoes"", 'Cosmic Drive', 'Shadowflame', 'Void Staff', 'Horizon Focus', 'Poro-Snax']",Control Ward 0,0,0,4
67,Defeat,Vel'Koz,3 , 6 , 14,"25,227","16,121",ARAM,19m 8s,P/Kill 61%,silver 4,56,(2.9),"[""Luden's Tempest"", 'Refillable Potion', ""Zhonya's Hourglass"", 'Horizon Focus', ""Sorcerer's Shoes"", 'Poro-Snax']",Control Ward 0,0,0,0
68,Defeat,Zed,2 , 3 , 0,"5,679","7,010",Ranked Solo,15m 36s,P/Kill 67%,bronze 1,75,(4.8),"['Eclipse', 'Boots', 'Refillable Potion', 'Oracle Lens']",Control Ward 1,0,0,0
69,Victory,Zed,10 , 4 , 17,"42,781","27,057",Ranked Solo,38m 0s,P/Kill 66%,bronze 1,291,(7.7),"['Eclipse', 'Ravenous Hydra', 'Serrated Dirk', ""Serylda's Grudge"", 'Black Cleaver', 'Ionian Boots of Lucidity', 'Oracle Lens']",Control Ward 3,1,3,10
70,Defeat,Zed,8 , 7 , 2,"19,141","23,559",Ranked Solo,31m 44s,P/Kill 32%,bronze 1,182,(5.7),"['Eclipse', 'Refillable Potion', ""Mercury's Treads"", 'Ravenous Hydra', ""Serylda's Grudge"", 'Null-Magic Mantle', 'Oracle Lens']",Control Ward 4,0,0,3
71,Defeat,Cassiopeia,0 , 3 , 0,"2,043","7,222",Ranked Solo,17m 11s,P/Kill 0%,bronze 1,76,(4.4),"['Tear of the Goddess', 'Lost Chapter', 'Refillable Potion', 'Fiendish Codex', 'Oracle Lens']",Control Ward 3,0,0,0
72,Defeat,Sion,8 , 12 , 26,"20,711","85,767",ARAM,28m 25s,P/Kill 56%,silver 3,88,(3.1),"['Heartsteel', 'Abyssal Mask', 'Plated Steelcaps', 'Sunfire Aegis', 'Thornmail', 'Force of Nature', 'Poro-Snax']",Control Ward 0,0,0,2
73,Defeat,Ornn,9 , 9 , 16,"18,296","33,649",ARAM,17m 48s,P/Kill 64%,bronze 1,45,(2.5),"['The Unspoken Parasite', 'Force of Nature', ""Mercury's Treads"", 'Sunfire Aegis', ""Giant's Belt"", 'Crystalline Bracer', 'Poro-Snax']",Control Ward 0,0,0,0
74,Defeat,Sion,7 , 9 , 13,"16,148","43,370",ARAM,13m 11s,P/Kill 74%,silver 4,21,(1.6),"['Heartsteel', 'Plated Steelcaps', 'Thornmail', ""Bami's Cinder"", 'Chain Vest', 'Poro-Snax']",Control Ward 0,0,0,0
75,Defeat,Vel'Koz,5 , 9 , 39,"41,824","25,345",ARAM,22m 25s,P/Kill 68%,silver 3,48,(2.1),"[""Luden's Tempest"", ""Sorcerer's Shoes"", 'Refillable Potion', 'Shadowflame', 'Void Staff', ""Rabadon's Deathcap"", 'Poro-Snax']",Control Ward 0,0,0,2
76,Victory,Ornn,1 , 7 , 22,"9,086","23,152",ARAM,15m 27s,P/Kill 57%,silver 2,20,(1.3),"['Leviathan', 'Refillable Potion', 'Plated Steelcaps', 'Thornmail', 'Cloth Armor', 'Poro-Snax']",Control Ward 0,0,0,4
77,Victory,Veigar,12 , 11 , 20,"39,455","23,784",ARAM,23m 15s,P/Kill 71%,silver 3,49,(2.1),"[""Luden's Tempest"", ""Sorcerer's Shoes"", 'Morellonomicon', 'Shadowflame', 'Void Staff', 'Poro-Snax']",Control Ward 0,0,0,4
78,Defeat,Vex,6 , 7 , 4,"14,116","16,395",Clash,28m 43s,P/Kill 53%,silver 4,151,(5.3),"[""Luden's Tempest"", 'Ruby Crystal', ""Zhonya's Hourglass"", 'Oblivion Orb', ""Sorcerer's Shoes"", 'Amplifying Tome', 'Oracle Lens']",Control Ward 2,0,0,2
79,Victory,Vex,8 , 2 , 6,"10,025","5,714",Clash,15m 52s,P/Kill 74%,silver 4,74,(4.7),"[""Doran's Ring"", ""Sorcerer's Shoes"", ""Luden's Tempest"", 'Refillable Potion', 'Amplifying Tome', 'Oracle Lens']",Control Ward 2,0,2,1
80,Defeat,Zed,6 , 8 , 14,"27,644","32,823",Flex 5:5 Rank,41m 23s,P/Kill 69%,silver 1,218,(5.3),"['Ravenous Hydra', ""Mercury's Treads"", ""Serylda's Grudge"", 'Eclipse', 'Black Cleaver', 'Oracle Lens']",Control Ward 2,1,0,5
81,Victory,Fizz,1 , 3 , 9,"5,985","14,334",Flex 5:5 Rank,30m 13s,P/Kill 32%,silver 1,140,(4.6),"[""Luden's Tempest"", 'Refillable Potion', 'Broken Stopwatch', ""Sorcerer's Shoes"", ""Doran's Ring"", ""Seeker's Armguard"", 'Oracle Lens']",Control Ward 3,0,1,8
82,Defeat,Veigar,1 , 3 , 0,"6,679","9,475",Flex 5:5 Rank,24m 3s,P/Kill 33%,gold 4,141,(5.9),"[""Doran's Ring"", 'Refillable Potion', ""Luden's Tempest"", ""Sorcerer's Shoes"", 'Amplifying Tome', 'Oracle Lens']",Control Ward 2,0,0,1
83,Defeat,Kayn,12 , 11 , 16,"47,043","77,367",Normal,50m 32s,P/Kill 70%,bronze 2,279,(5.5),"['Plated Steelcaps', ""Death's Dance"", 'Goredrinker', 'Black Cleaver', 'Thornmail', 'Spirit Visage', 'Oracle Lens']",Control Ward 0,1,1,5
84,Victory,Kayn,6 , 0 , 10,"12,567","23,229",Normal,23m 7s,P/Kill 47%,bronze 1,151,(6.5),"['Plated Steelcaps', 'Refillable Potion', 'Goredrinker', 'Chain Vest', ""Caulfield's Warhammer"", 'Oracle Lens']",Control Ward 1,0,3,9
85,Victory,Cassiopeia,3 , 2 , 1,"9,056","13,111",Normal,24m 30s,P/Kill 21%,bronze 3,154,(6.3),"[""Seraph's Embrace"", ""Liandry's Anguish"", 'Refillable Potion', 'Oracle Lens']",Control Ward 3,0,3,3
86,Defeat,Zed,13 , 10 , 10,"34,283","37,954",Flex 5:5 Rank,42m 5s,P/Kill 66%,silver 1,205,(4.9),"['Eclipse', 'Ravenous Hydra', ""Caulfield's Warhammer"", 'Black Cleaver', ""Mercury's Treads"", 'Long Sword', 'Oracle Lens']",Control Ward 1,1,1,7
87,Defeat,Fizz,4 , 8 , 6,"14,634","19,004",Flex 5:5 Rank,30m 2s,P/Kill 71%,gold 4,190,(6.3),"[""Doran's Ring"", ""Luden's Tempest"", ""Zhonya's Hourglass"", 'Oblivion Orb', ""Sorcerer's Shoes"", 'Hextech Alternator', 'Oracle Lens']",Control Ward 1,0,1,3
88,Victory,Zed,11 , 0 , 3,"19,932","12,055",Flex 5:5 Rank,26m 17s,P/Kill 67%,silver 1,198,(7.5),"['Duskblade of Draktharr', 'Refillable Potion', 'Ionian Boots of Lucidity', 'Ravenous Hydra', 'Serrated Dirk', 'Oracle Lens']",Control Ward 1,1,4,5
89,Victory,Zed,15 , 11 , 13,"40,695","37,836",Flex 5:5 Rank,45m 35s,P/Kill 42%,gold 4,243,(5.3),"['Eclipse', 'Black Cleaver', 'Ravenous Hydra', ""Serylda's Grudge"", 'Serrated Dirk', ""Mercury's Treads"", 'Oracle Lens']",Control Ward 3,0,4,8
90,Defeat,Kayn,1 , 9 , 9,"11,305","40,699",Ranked Solo,33m 50s,P/Kill 40%,bronze 1,193,(5.7),"[""Death's Dance"", 'Refillable Potion', 'Goredrinker', 'Plated Steelcaps', 'Bramble Vest', 'Ruby Crystal', 'Oracle Lens']",Control Ward 0,0,1,1
91,Victory,Kayn,16 , 14 , 7,"45,140","63,977",Ranked Solo,47m 14s,P/Kill 40%,bronze 1,258,(5.5),"['Muramana', ""Serpent's Fang"", ""Prowler's Claw"", ""Serylda's Grudge"", 'Ionian Boots of Lucidity', 'Edge of Night', 'Oracle Lens']",Control Ward 0,0,4,11
92,Victory,Kayn,19 , 3 , 5,"26,247","30,401",Ranked Solo,28m 45s,P/Kill 62%,silver 4,188,(6.5),"[""Serylda's Grudge"", 'Muramana', ""Prowler's Claw"", 'Serrated Dirk', 'Ionian Boots of Lucidity', 'Edge of Night', 'Oracle Lens']",Control Ward 1,0,3,11
93,Defeat,Vex,11 , 9 , 7,"32,574","30,710",Ranked Solo,38m 20s,P/Kill 44%,bronze 1,187,(4.9),"['Shadowflame', 'Oblivion Orb', ""Zhonya's Hourglass"", ""Sorcerer's Shoes"", ""Luden's Tempest"", 'Hextech Alternator', 'Oracle Lens']",Control Ward 4,0,3,6
94,Defeat,Yone,10 , 12 , 6,"28,935","31,067",Normal,34m 27s,P/Kill 50%,silver 4,189,(5.5),"['Infinity Edge', 'Immortal Shieldbow', 'Bloodthirster', ""Berserker's Greaves"", 'Last Whisper', ""Executioner's Calling"", 'Oracle Lens']",Control Ward 0,0,1,4
95,Defeat,Kayn,6 , 6 , 3,"13,623","23,162",Normal,24m 25s,P/Kill 56%,bronze 1,119,(4.9),"['Refillable Potion', 'Muramana', ""Prowler's Claw"", 'Chain Vest', 'Plated Steelcaps', 'Oracle Lens']",Control Ward 2,0,0,1
96,Defeat,Zed,0 , 0 , 0,"2,048","2,874",Normal,7m 35s,P/Kill 0%,silver 3,28,(3.7),"['Serrated Dirk', 'Control Ward', 'Refillable Potion', 'Oracle Lens']",Control Ward 1,0,0,0
97,Defeat,Vex,7 , 11 , 18,"50,244","41,363",Ranked Solo,49m 45s,P/Kill 60%,bronze 1,254,(5.1),"['Void Staff', 'Morellonomicon', ""Zhonya's Hourglass"", ""Luden's Tempest"", ""Sorcerer's Shoes"", 'Needlessly Large Rod', 'Oracle Lens']",Control Ward 4,2,2,9
98,Victory,Zed,24 , 6 , 7,"87,919","45,626",Normal,42m 54s,P/Kill 56%,bronze 3,288,(6.7),"['Duskblade of Draktharr', 'Black Cleaver', 'Ionian Boots of Lucidity', 'Ravenous Hydra', ""Serylda's Grudge"", ""Serpent's Fang"", 'Oracle Lens']",Control Ward 2,0,2,11
99,Defeat,Vex,3 , 8 , 4,"25,320","22,472",Normal,31m 3s,P/Kill 44%,silver 3,173,(5.6),"[""Doran's Ring"", 'Refillable Potion', ""Zhonya's Hourglass"", ""Sorcerer's Shoes"", ""Luden's Tempest"", 'Oracle Lens']",Control Ward 2,0,1,5
100,Defeat,Vex,4 , 5 , 3,"15,270","15,571",Normal,24m 27s,P/Kill 50%,silver 2,162,(6.6),"[""Doran's Ring"", 'Refillable Potion', ""Zhonya's Hourglass"", ""Sorcerer's Shoes"", ""Luden's Tempest"", 'Oracle Lens']",Control Ward 0,0,1,1
101,Defeat,Kayn,5 , 4 , 8,"17,287","44,650",Normal,33m 37s,P/Kill 48%,bronze 2,161,(4.8),"['Refillable Potion', 'Plated Steelcaps', 'Goredrinker', ""Death's Dance"", 'Thornmail', 'Long Sword', 'Oracle Lens']",Control Ward 1,1,0,5
102,Defeat,Zed,6 , 9 , 5,"18,238","22,362",Normal,33m 32s,P/Kill 79%,silver 2,195,(5.8),"['Eclipse', 'Refillable Potion', ""Mercury's Treads"", 'Ravenous Hydra', ""Serpent's Fang"", 'Serrated Dirk', 'Oracle Lens']",Control Ward 2,0,0,2
103,Defeat,Zed,15 , 6 , 8,"35,116","31,788",Normal,37m 34s,P/Kill 64%,silver 1,223,(5.9),"['Eclipse', 'Ionian Boots of Lucidity', ""Serylda's Grudge"", 'Ravenous Hydra', ""Serpent's Fang"", 'Black Cleaver', 'Oracle Lens']",Control Ward 2,2,3,3
104,Defeat,Kayn,9 , 8 , 5,"22,054","38,145",Normal,33m 53s,P/Kill 67%,silver 3,248,(7.3),"['Muramana', ""Serylda's Grudge"", ""Prowler's Claw"", 'Ionian Boots of Lucidity', 'Edge of Night', 'Oracle Lens']",Control Ward 1,0,1,6
105,Victory,Zed,9 , 3 , 16,"15,779","12,710",Normal,24m 4s,P/Kill 57%,silver 3,126,(5.2),"['Ionian Boots of Lucidity', 'Eclipse', 'Refillable Potion', 'Ravenous Hydra', 'Long Sword', 'Long Sword', 'Oracle Lens']",Control Ward 2,0,1,7
106,Defeat,Kayn,4 , 12 , 11,"18,405","50,468",Normal,37m 5s,P/Kill 31%,silver 4,153,(4.1),"[""Death's Dance"", 'Long Sword', 'Goredrinker', 'Plated Steelcaps', ""Caulfield's Warhammer"", 'Kindlegem', 'Oracle Lens']",Control Ward 3,0,1,3
107,Victory,Kayn,3 , 0 , 4,"7,596","13,804",Normal,16m 8s,P/Kill 41%,silver 3,84,(5.2),"['Mosstomper Seedling', ""Caulfield's Warhammer"", 'Ironspike Whip', 'Boots', 'Kindlegem', 'Refillable Potion', 'Oracle Lens']",Control Ward 1,0,1,3
108,Victory,Zed,14 , 1 , 3,"29,062","15,408",Normal,30m 15s,P/Kill 50%,bronze 1,166,(5.5),"['Duskblade of Draktharr', ""Mercury's Treads"", 'Refillable Potion', 'Ravenous Hydra', 'Black Cleaver', ""Caulfield's Warhammer"", 'Oracle Lens']",Control Ward 4,1,3,6
109,Defeat,Zed,8 , 8 , 10,"41,957","31,988",Ranked Solo,38m 8s,P/Kill 60%,bronze 1,195,(5.1),"['Duskblade of Draktharr', 'Ionian Boots of Lucidity', ""Serpent's Fang"", 'Ravenous Hydra', 'Black Cleaver', 'Oracle Lens']",Control Ward 3,0,3,4
110,Victory,Vi,10 , 2 , 9,"16,732","19,776",Ranked Solo,28m 23s,P/Kill 59%,bronze 2,161,(5.7),"[""Death's Dance"", 'Refillable Potion', ""Mercury's Treads"", 'Eclipse', 'Long Sword', 'Oracle Lens']",Control Ward 4,1,4,11
111,Remake,Kayn,0 , 0 , 0,0,68,Ranked Solo,1m 45s,P/Kill 0%,bronze 1,4,(2.3),"['Gustwalker Hatchling', 'Health Potion', 'Oracle Lens']",Control Ward 0,1,3,7
112,Victory,Vi,8 , 4 , 8,"17,233","20,912",Ranked Solo,29m 27s,P/Kill 48%,silver 4,176,(6),"[""Death's Dance"", 'Eclipse', 'Refillable Potion', ""Mercury's Treads"", 'Black Cleaver', 'Oracle Lens']",Control Ward 2,0,3,1
113,Defeat,Zed,8 , 8 , 7,"24,532","24,980",Ranked Solo,33m 54s,P/Kill 63%,silver 4,199,(5.9),"['Duskblade of Draktharr', 'Ravenous Hydra', ""Youmuu's Ghostblade"", 'Ionian Boots of Lucidity', ""Caulfield's Warhammer"", 'Long Sword', 'Oracle Lens']",Control Ward 2,0,1,6
114,Defeat,Zed,6 , 6 , 3,"22,367","20,556",Normal,32m 21s,P/Kill 33%,silver 3,168,(5.2),"['Duskblade of Draktharr', 'Refillable Potion', 'Ravenous Hydra', ""Mercury's Treads"", 'Serrated Dirk', 'Pickaxe', 'Oracle Lens']",Control Ward 1,1,3,9
115,Victory,Zed,8 , 5 , 9,"25,782","20,480",Normal,33m 28s,P/Kill 36%,silver 3,197,(5.9),"['Duskblade of Draktharr', 'Ionian Boots of Lucidity', 'Ravenous Hydra', 'Refillable Potion', 'Black Cleaver', 'Long Sword', 'Oracle Lens']",Control Ward 0,1,3,11
116,Victory,Kayn,20 , 7 , 9,"41,234","40,264",Normal,35m 9s,P/Kill 69%,bronze 1,220,(6.3),"[""Serylda's Grudge"", 'Muramana', ""Prowler's Claw"", 'Mobility Boots', 'Axiom Arc', ""Caulfield's Warhammer"", 'Oracle Lens']",Control Ward 1,1,2,6
117,Defeat,Zed,12 , 5 , 9,"35,003","28,741",Normal,41m 19s,P/Kill 54%,silver 3,260,(6.3),"['Ionian Boots of Lucidity', ""Serylda's Grudge"", ""Prowler's Claw"", 'Ravenous Hydra', ""Serpent's Fang"", ""Caulfield's Warhammer"", 'Oracle Lens']",Control Ward 1,1,4,10
118,Defeat,Zed,10 , 10 , 13,"48,314","42,794",Normal,54m 59s,P/Kill 44%,bronze 2,279,(5.1),"['Eclipse', 'Ionian Boots of Lucidity', ""Serpent's Fang"", 'Ravenous Hydra', 'Black Cleaver', ""Serylda's Grudge"", 'Oracle Lens']",Control Ward 4,0,2,1
119,Victory,Zed,4 , 2 , 2,"7,553","6,473",Normal,16m 11s,P/Kill 33%,silver 3,95,(5.9),"['Boots', 'Refillable Potion', ""Prowler's Claw"", 'Null-Magic Mantle', 'Oracle Lens']",Control Ward 1,0,1,2
120,Defeat,Zed,9 , 8 , 6,"25,484","22,345",Normal,31m 25s,P/Kill 63%,silver 1,165,(5.3),"['Ravenous Hydra', 'Chempunk Chainsword', ""Prowler's Claw"", ""Mercury's Treads"", 'Oracle Lens']",Control Ward 3,0,0,0
121,Defeat,Fizz,4 , 8 , 11,"12,068","17,241",ARAM,19m 35s,P/Kill 52%,silver 3,35,(1.8),"[""Luden's Tempest"", 'Ionian Boots of Lucidity', ""Zhonya's Hourglass"", 'Shadowflame', 'Amplifying Tome', 'Poro-Snax']",Control Ward 0,0,2,5
122,Defeat,Zed,6 , 7 , 15,"19,056","24,996",Normal,32m 58s,P/Kill 58%,silver 3,153,(4.6),"['Duskblade of Draktharr', ""Mercury's Treads"", 'Refillable Potion', 'Ravenous Hydra', ""Caulfield's Warhammer"", 'Last Whisper', 'Oracle Lens']",Control Ward 2,0,2,4
123,Defeat,Vex,3 , 10 , 8,"24,289","24,857",Normal,34m 39s,P/Kill 44%,bronze 1,163,(4.7),"['Oblivion Orb', ""Luden's Tempest"", ""Zhonya's Hourglass"", 'Hextech Alternator', ""Sorcerer's Shoes"", 'Oracle Lens']",Control Ward 3,1,2,8
124,Victory,Kayn,7 , 9 , 4,"13,355","30,476",Normal,27m 37s,P/Kill 31%,bronze 2,166,(6),"['Muramana', 'Refillable Potion', ""Prowler's Claw"", 'Serrated Dirk', 'Ionian Boots of Lucidity', 'Long Sword', 'Oracle Lens']",Control Ward 1,0,0,0
125,Defeat,Zed,3 , 5 , 0,"5,448","10,034",Normal,15m 17s,P/Kill 100%,bronze 1,79,(5.2),"['Eclipse', 'Refillable Potion', ""Mercury's Treads"", 'Oracle Lens']",Control Ward 3,1,4,9
126,Victory,Kayn,16 , 6 , 4,"43,515","55,460",Normal,41m 20s,P/Kill 43%,bronze 2,324,(7.8),"['Muramana', 'Ionian Boots of Lucidity', ""Prowler's Claw"", 'Axiom Arc', 'Edge of Night', ""Serylda's Grudge"", 'Oracle Lens']",Control Ward 2,0,0,2
127,Defeat,Kayn,6 , 8 , 4,"15,262","35,288",Normal,32m 55s,P/Kill 40%,bronze 1,174,(5.3),"['Muramana', 'Edge of Night', ""Prowler's Claw"", 'Refillable Potion', 'Ionian Boots of Lucidity', ""Caulfield's Warhammer"", 'Oracle Lens']",Control Ward 1,0,3,10
128,Victory,Zed,7 , 10 , 11,"35,308","36,833",Normal,45m 9s,P/Kill 42%,silver 1,307,(6.8),"['Eclipse', ""Mercury's Treads"", 'Ravenous Hydra', ""Serylda's Grudge"", 'Black Cleaver', 'Hexdrinker', 'Oracle Lens']",Control Ward 2,0,3,5
129,Defeat,Zed,10 , 10 , 7,"25,287","26,867",Normal,37m 35s,P/Kill 52%,silver 4,151,(4),"['Eclipse', 'Refillable Potion', ""Youmuu's Ghostblade"", 'Ionian Boots of Lucidity', 'Chempunk Chainsword', 'Last Whisper', 'Oracle Lens']",Control Ward 1,0,1,1
130,Victory,Kayn,1 , 0 , 1,"3,387","12,348",Normal,15m 23s,P/Kill 13%,silver 1,85,(5.5),"['Mosstomper Seedling', 'Goredrinker', 'Eye of the Herald']",Control Ward 0,0,1,3
131,Defeat,Zed,9 , 6 , 8,"29,696","31,849",Normal,37m 12s,P/Kill 61%,bronze 1,239,(6.4),"[""Youmuu's Ghostblade"", 'Ravenous Hydra', ""Prowler's Claw"", ""Serpent's Fang"", 'Ionian Boots of Lucidity', 'Long Sword', 'Oracle Lens']",Control Ward 2,0,2,4
132,Victory,Zed,5 , 2 , 3,"10,223","8,522",Normal,18m 11s,P/Kill 40%,silver 4,117,(6.4),"['Ionian Boots of Lucidity', 'Refillable Potion', ""Prowler's Claw"", 'Serrated Dirk', ""Caulfield's Warhammer"", 'Oracle Lens']",Control Ward 2,0,0,4
133,Victory,Kalista,12 , 10 , 23,"30,543","29,340",ARAM,19m 55s,P/Kill 54%,silver 3,80,(4),"['Immortal Shieldbow', ""Berserker's Greaves"", 'Last Whisper', 'Blade of The Ruined King', ""Guinsoo's Rageblade"", ""Runaan's Hurricane"", 'Poro-Snax']",Control Ward 0,0,0,4
134,Victory,Katarina,10 , 13 , 18,"26,911","31,501",ARAM,22m 34s,P/Kill 42%,bronze 1,41,(1.8),"[""Nashor's Tooth"", ""Sorcerer's Shoes"", ""Zhonya's Hourglass"", 'Riftmaker', 'Refillable Potion', 'Void Staff', 'Poro-Snax']",Control Ward 0,0,0,0
135,Defeat,Zed,3 , 4 , 2,"8,846","11,093",Normal,19m 50s,P/Kill 29%,silver 4,103,(5.2),"['Eclipse', ""Mercury's Treads"", 'Refillable Potion', 'Pickaxe', 'Oracle Lens']",Control Ward 2,0,1,0
136,Defeat,Zed,4 , 6 , 4,"12,859","15,193",Normal,26m 52s,P/Kill 53%,bronze 1,146,(5.4),"['Ravenous Hydra', 'Refillable Potion', ""Prowler's Claw"", 'Ionian Boots of Lucidity', 'Oracle Lens']",Control Ward 2,0,0,1
137,Remake,Zed,0 , 0 , 0,263,388,Normal,1m 48s,P/Kill 0%,bronze 1,0,(0),"['Long Sword', 'Health Potion', 'Stealth Ward']",Control Ward 0,0,2,6
138,Defeat,Kayn,1 , 8 , 2,"13,458","29,289",Normal,28m 58s,P/Kill 25%,silver 3,128,(4.4),"['Refillable Potion', 'Plated Steelcaps', ""Prowler's Claw"", 'Manamune', 'Long Sword', 'Oracle Lens']",Control Ward 1,0,0,1
139,Victory,Kayn,3 , 3 , 4,"6,683","19,685",Normal,17m 57s,P/Kill 28%,silver 1,106,(5.9),"['Refillable Potion', 'Goredrinker', 'Boots', 'Cloth Armor', 'Oracle Lens']",Control Ward 0,1,2,11
140,Defeat,Kayn,0 , 7 , 1,"5,486","27,408",Normal,22m 40s,P/Kill 33%,gold 4,106,(4.7),"['Mosstomper Seedling', 'Plated Steelcaps', 'Goredrinker', 'Chain Vest', 'Oracle Lens']",Control Ward 0,0,0,4
141,Victory,Kayn,11 , 6 , 4,"20,842","35,804",Normal,30m 46s,P/Kill 43%,silver 2,198,(6.4),"[""Serylda's Grudge"", 'Muramana', ""Prowler's Claw"", 'Ionian Boots of Lucidity', ""Caulfield's Warhammer"", 'Serrated Dirk', 'Oracle Lens']",Control Ward 0,1,1,7
142,Defeat,Zed,4 , 6 , 2,"9,800","16,645",Normal,32m 5s,P/Kill 40%,gold 3,161,(5),"[""Serpent's Fang"", 'Tiamat', ""Prowler's Claw"", ""Mercury's Treads"", 'Vampiric Scepter', 'Long Sword', 'Oracle Lens']",Control Ward 2,0,4,6
143,Victory,Zed,9 , 9 , 9,"29,487","23,808",Normal,36m 26s,P/Kill 47%,silver 3,206,(5.7),"['Eclipse', 'Ionian Boots of Lucidity', 'Long Sword', 'Ravenous Hydra', ""Serpent's Fang"", ""Caulfield's Warhammer"", 'Oracle Lens']",Control Ward 1,0,2,0
144,Defeat,Zed,5 , 9 , 10,"30,275","24,743",Normal,35m 31s,P/Kill 54%,silver 2,163,(4.6),"['Eclipse', 'Refillable Potion', 'Ionian Boots of Lucidity', 'Ravenous Hydra', 'Last Whisper', ""Caulfield's Warhammer"", 'Oracle Lens']",Control Ward 3,2,3,9
145,Defeat,Kayn,7 , 9 , 2,"22,538","42,699",Normal,33m 0s,P/Kill 82%,silver 3,195,(5.9),"['Muramana', 'Refillable Potion', ""Prowler's Claw"", 'Ionian Boots of Lucidity', ""Serpent's Fang"", ""Caulfield's Warhammer"", 'Oracle Lens']",Control Ward 0,0,3,6
146,Victory,Zed,12 , 11 , 9,"34,947","39,570",Normal,45m 29s,P/Kill 44%,silver 3,249,(5.5),"['Eclipse', 'Edge of Night', ""Mercury's Treads"", 'Ravenous Hydra', ""Serylda's Grudge"", ""Caulfield's Warhammer"", 'Oracle Lens']",Control Ward 2,1,3,11
147,Victory,Kayn,12 , 5 , 11,"28,190","40,500",Normal,30m 11s,P/Kill 70%,silver 2,174,(5.8),"['Black Cleaver', ""Death's Dance"", 'Goredrinker', 'Plated Steelcaps', 'Bramble Vest', ""Giant's Belt"", 'Oracle Lens']",Control Ward 1,0,1,4
148,Victory,Kayn,5 , 4 , 5,"16,552","38,265",Normal,31m 22s,P/Kill 33%,bronze 1,202,(6.4),"['Plated Steelcaps', ""Death's Dance"", 'Goredrinker', ""Caulfield's Warhammer"", 'Long Sword', 'Kindlegem', 'Oracle Lens']",Control Ward 1,0,0,1
149,Defeat,Vex,4 , 10 , 7,"20,151","25,212",Normal,31m 39s,P/Kill 46%,silver 4,157,(5),"['Oblivion Orb', 'Refillable Potion', ""Zhonya's Hourglass"", ""Luden's Tempest"", 'Hextech Alternator', ""Sorcerer's Shoes"", 'Oracle Lens']",Control Ward 3,0,0,0
150,Defeat,Vex,5 , 4 , 2,"21,823","12,116",Normal,22m 56s,P/Kill 88%,silver 2,126,(5.5),"[""Doran's Ring"", ""Seeker's Armguard"", 'Broken Stopwatch', ""Luden's Tempest"", ""Sorcerer's Shoes"", 'Fiendish Codex', 'Oracle Lens']",Control Ward 3,0,0,0
151,Defeat,Caitlyn,5 , 15 , 25,"26,060","34,308",ARAM,21m 24s,P/Kill 48%,silver 2,82,(3.8),"['Kraken Slayer', 'Infinity Edge', ""Berserker's Greaves"", 'Rapid Firecannon', 'Vampiric Scepter', 'Cloak of Agility', 'Poro-Snax']",Control Ward 0,0,3,6
152,Defeat,Cassiopeia,4 , 14 , 16,"14,401","25,456",ARAM,16m 7s,P/Kill 47%,silver 1,23,(1.4),"[""Liandry's Anguish"", ""Seraph's Embrace"", 'Kindlegem', 'Needlessly Large Rod', 'Poro-Snax']",Control Ward 0,0,3,1
153,Defeat,Vex,11 , 13 , 20,"57,571","41,401",Normal,45m 45s,P/Kill 55%,gold 4,183,(4),"['Void Staff', 'Shadowflame', ""Zhonya's Hourglass"", ""Sorcerer's Shoes"", ""Luden's Tempest"", 'Oblivion Orb', 'Oracle Lens']",Control Ward 1,0,2,6
154,Defeat,Veigar,3 , 7 , 8,"21,031","16,764",Normal,29m 46s,P/Kill 46%,gold 4,128,(4.3),"['Cosmic Drive', ""Luden's Tempest"", 'Refillable Potion', ""Sorcerer's Shoes"", 'Oracle Lens']",Control Ward 3,0,0,3
155,Remake,Veigar,0 , 0 , 0,0,0,Normal,2m 0s,P/Kill 0%,silver 1,0,(0),[],Control Ward 0,0,0,3
156,Defeat,Zed,8 , 5 , 5,"20,713","17,106",Normal,32m 52s,P/Kill 54%,silver 1,141,(4.3),"['Eclipse', 'Ravenous Hydra', ""Caulfield's Warhammer"", 'Ionian Boots of Lucidity', 'Long Sword', 'Long Sword', 'Oracle Lens']",Control Ward 3,0,0,1
157,Victory,Fizz,13 , 10 , 26,"28,897","21,672",ARAM,18m 53s,P/Kill 61%,silver 3,18,(1),"[""Luden's Tempest"", 'Refillable Potion', ""Zhonya's Hourglass"", ""Sorcerer's Shoes"", 'Shadowflame', 'Void Staff', 'Poro-Snax']",Control Ward 0,0,0,4
158,Victory,Fizz,17 , 7 , 16,"23,484","16,539",ARAM,16m 18s,P/Kill 65%,bronze 1,32,(2),"[""Luden's Tempest"", 'Refillable Potion', ""Zhonya's Hourglass"", ""Sorcerer's Shoes"", 'Shadowflame', 'Amplifying Tome', 'Poro-Snax']",Control Ward 0,0,0,4
159,Defeat,Graves,3 , 11 , 14,"15,409","24,885",ARAM,20m 12s,P/Kill 53%,silver 1,67,(3.3),"['Eclipse', ""Mercury's Treads"", 'Refillable Potion', 'Bloodthirster', ""Lord Dominik's Regards"", 'Poro-Snax']",Control Ward 0,0,1,0
160,Victory,Kayle,7 , 10 , 20,"15,398","27,624",ARAM,22m 46s,P/Kill 55%,bronze 1,107,(4.7),"['Kraken Slayer', ""Berserker's Greaves"", ""Guinsoo's Rageblade"", 'Blade of The Ruined King', 'Bloodthirster', 'Last Whisper', 'Poro-Snax']",Control Ward 0,0,0,2
161,Victory,Zoe,10 , 13 , 20,"29,205","27,190",ARAM,21m 37s,P/Kill 48%,silver 3,31,(1.4),"[""Luden's Tempest"", 'Void Staff', ""Sorcerer's Shoes"", 'Horizon Focus', 'Shadowflame', 'Poro-Snax']",Control Ward 0,0,1,2
162,Defeat,Kayn,3 , 6 , 1,"4,049","14,698",Normal,15m 52s,P/Kill 50%,silver 4,75,(4.7),"['Gustwalker Hatchling', 'Ionian Boots of Lucidity', ""Prowler's Claw"", 'Tear of the Goddess', 'Long Sword', 'Oracle Lens']",Control Ward 0,0,1,3
163,Defeat,Vex,2 , 7 , 8,"15,630","14,378",Normal,30m 32s,P/Kill 56%,silver 4,134,(4.4),"[""Doran's Ring"", ""Seeker's Armguard"", 'Stopwatch', ""Sorcerer's Shoes"", ""Luden's Tempest"", 'Fiendish Codex', 'Oracle Lens']",Control Ward 1,0,0,0
164,Defeat,LeBlanc,3 , 12 , 10,"11,206","30,151",Normal,31m 59s,P/Kill 50%,gold 4,115,(3.6),"['Ruby Crystal', 'Refillable Potion', ""Zhonya's Hourglass"", ""Sorcerer's Shoes"", ""Luden's Tempest"", 'Oracle Lens']",Control Ward 5,1,1,7
165,Victory,Vex,8 , 5 , 0,"10,808","12,968",Normal,20m 5s,P/Kill 36%,bronze 1,108,(5.4),"[""Doran's Ring"", 'Refillable Potion', 'Stopwatch', 'Ionian Boots of Lucidity', 'Shadowflame', ""Luden's Tempest"", 'Oracle Lens']",Control Ward 1,0,1,1
166,Defeat,Zed,5 , 8 , 5,"16,715","19,824",Normal,28m 26s,P/Kill 56%,gold 3,142,(5),"['Eclipse', ""Mercury's Treads"", 'Ravenous Hydra', 'Oracle Lens']",Control Ward 3,1,2,9
167,Victory,Zed,6 , 5 , 6,"19,943","21,845",Normal,34m 12s,P/Kill 35%,gold 4,196,(5.7),"['Eclipse', 'Refillable Potion', ""Mercury's Treads"", 'Ravenous Hydra', ""Caulfield's Warhammer"", 'Last Whisper', 'Oracle Lens']",Control Ward 1,0,0,1
168,Victory,Vex,2 , 0 , 0,"6,855","3,546",Normal,15m 28s,P/Kill 15%,silver 1,96,(6.2),"[""Doran's Ring"", 'Lost Chapter', 'Boots', 'Refillable Potion', 'Blasting Wand', 'Oracle Lens']",Control Ward 2,0,3,9
169,Victory,Kayn,9 , 3 , 8,"18,675","29,478",Normal,27m 24s,P/Kill 59%,silver 3,129,(4.7),"['Plated Steelcaps', ""Death's Dance"", 'Goredrinker', 'Black Cleaver', 'Ruby Crystal', 'Oracle Lens']",Control Ward 1,0,1,3
170,Defeat,Vex,4 , 6 , 3,"15,006","13,555",Normal,23m 10s,P/Kill 58%,silver 1,125,(5.4),"[""Doran's Ring"", 'Refillable Potion', 'Broken Stopwatch', ""Sorcerer's Shoes"", ""Luden's Tempest"", 'Fiendish Codex', 'Oracle Lens']",Control Ward 1,1,2,9
171,Victory,Kayn,1 , 4 , 7,"7,401","21,458",Normal,22m 35s,P/Kill 44%,silver 3,139,(6.2),"['Refillable Potion', 'Ionian Boots of Lucidity', ""Prowler's Claw"", 'Tear of the Goddess', ""Caulfield's Warhammer"", 'Long Sword', 'Oracle Lens']",Control Ward 2,0,3,11
172,Victory,Zed,4 , 2 , 3,"10,014","8,599",Normal,17m 8s,P/Kill 47%,bronze 1,88,(5.1),"['Ionian Boots of Lucidity', 'Refillable Potion', ""Prowler's Claw"", 'Long Sword', 'Oracle Lens']",Control Ward 4,0,2,4
173,Defeat,Zed,9 , 10 , 5,"31,664","28,479",Ranked Solo,40m 6s,P/Kill 40%,bronze 1,194,(4.8),"['Eclipse', ""Mercury's Treads"", ""Youmuu's Ghostblade"", ""Serylda's Grudge"", ""Serpent's Fang"", 'Long Sword', 'Oracle Lens']",Control Ward 1,0,3,8
174,Victory,Zed,13 , 3 , 16,"22,713","16,523",Normal,26m 0s,P/Kill 60%,silver 3,122,(4.7),"['Eclipse', 'Ionian Boots of Lucidity', 'Refillable Potion', 'Ravenous Hydra', ""Caulfield's Warhammer"", 'Oracle Lens']",Control Ward 3,0,2,1
175,Victory,Zed,9 , 4 , 4,"16,149","13,734",Normal,22m 30s,P/Kill 54%,silver 4,109,(4.8),"['Eclipse', 'Refillable Potion', ""Mercury's Treads"", 'Vampiric Scepter', 'Tiamat', ""Caulfield's Warhammer"", 'Oracle Lens']",Control Ward 2,0,2,4
176,Victory,Vi,4 , 5 , 5,"10,412","22,392",Normal,30m 10s,P/Kill 30%,silver 4,161,(5.3),"[""Death's Dance"", 'Eclipse', 'Refillable Potion', 'Plated Steelcaps', ""Caulfield's Warhammer"", 'Oracle Lens']",Control Ward 3,1,3,3
177,Defeat,Vex,1 , 4 , 1,"6,709","10,250",Normal,19m 19s,P/Kill 29%,silver 4,126,(6.5),"[""Doran's Ring"", ""Luden's Tempest"", ""Sorcerer's Shoes"", 'Refillable Potion', 'Oracle Lens']",Control Ward 2,0,0,4
178,Victory,Kayn,7 , 3 , 5,"5,327","15,045",Normal,16m 5s,P/Kill 52%,bronze 2,100,(6.2),"['Gustwalker Hatchling', 'Refillable Potion', ""Prowler's Claw"", 'Manamune', 'Ionian Boots of Lucidity', 'Oracle Lens']",Control Ward 0,0,0,4
179,Remake,Vi,0 , 0 , 0,146,"1,508",Normal,2m 58s,P/Kill 0%,bronze 1,12,(4),"['Mosstomper Seedling', 'Health Potion', 'Oracle Lens']",Control Ward 0,0,0,4
180,Victory,Kayn,9 , 3 , 5,"18,143","30,588",Normal,27m 49s,P/Kill 39%,bronze 1,146,(5.2),"['Black Cleaver', 'Refillable Potion', 'Goredrinker', ""Mercury's Treads"", 'Chain Vest', 'Pickaxe', 'Oracle Lens']",Control Ward 2,0,0,2
181,Victory,Blitzcrank,4 , 9 , 20,"14,562","21,019",ARAM,16m 54s,P/Kill 46%,gold 3,11,(0.7),"[""Luden's Tempest"", 'Shadowflame', 'Refillable Potion', 'Hextech Alternator', ""Sorcerer's Shoes"", 'Amplifying Tome', 'Poro-Snax']",Control Ward 0,1,4,11
182,Victory,Karma,11 , 12 , 40,"29,848","31,994",ARAM,23m 14s,P/Kill 73%,silver 1,20,(0.9),"[""Luden's Tempest"", ""Sorcerer's Shoes"", ""Giant's Belt"", 'Cosmic Drive', 'Morellonomicon', 'Void Staff', 'Poro-Snax']",Control Ward 0,0,1,0
183,Victory,Olaf,6 , 11 , 21,"27,350","36,470",ARAM,24m 46s,P/Kill 75%,silver 2,55,(2.2),"['Ravenous Hydra', ""Mercury's Treads"", 'Goredrinker', ""Death's Dance"", 'Hexdrinker', 'Long Sword', 'Poro-Snax']",Control Ward 0,0,3,5
184,Defeat,Fizz,14 , 11 , 23,"33,474","28,223",ARAM,22m 54s,P/Kill 50%,silver 4,37,(1.6),"['Shadowflame', ""Sorcerer's Shoes"", ""Zhonya's Hourglass"", ""Luden's Tempest"", 'Void Staff', 'Oblivion Orb', 'Poro-Snax']",Control Ward 0,0,0,4
185,Victory,Vex,9 , 8 , 16,"32,608","22,354",Normal,36m 36s,P/Kill 57%,silver 1,199,(5.4),"['Blasting Wand', 'Shadowflame', ""Zhonya's Hourglass"", ""Sorcerer's Shoes"", 'Blighting Jewel', ""Luden's Tempest"", 'Oracle Lens']",Control Ward 2,0,0,1
186,Defeat,Vex,1 , 2 , 2,"5,556","7,385",Normal,15m 40s,P/Kill 50%,silver 2,74,(4.7),"[""Doran's Ring"", 'Refillable Potion', ""Luden's Tempest"", 'Boots', 'Control Ward', 'Oracle Lens']",Control Ward 3,0,0,1
187,Victory,Vi,7 , 0 , 6,"8,335","13,563",Normal,22m 14s,P/Kill 45%,silver 4,127,(5.7),"['Refillable Potion', 'Eclipse', ""Mercury's Treads"", ""Caulfield's Warhammer"", 'Oracle Lens']",Control Ward 2,0,0,4
188,Victory,Zed,22 , 10 , 16,"35,337","24,789",ARAM,23m 9s,P/Kill 61%,bronze 1,73,(3.2),"['Duskblade of Draktharr', 'Ionian Boots of Lucidity', 'Edge of Night', 'Axiom Arc', ""Serylda's Grudge"", 'Serrated Dirk', 'Poro-Snax']",Control Ward 0,1,2,11
189,Defeat,Twitch,11 , 13 , 23,"27,279","26,075",ARAM,19m 42s,P/Kill 76%,bronze 1,43,(2.2),"['Kraken Slayer', ""Berserker's Greaves"", 'Blade of The Ruined King', ""Lord Dominik's Regards"", 'Vampiric Scepter', 'Poro-Snax']",Control Ward 0,0,0,2
190,Defeat,Aatrox,11 , 13 , 18,"31,644","54,808",ARAM,20m 49s,P/Kill 57%,silver 3,38,(1.8),"['Plated Steelcaps', ""Death's Dance"", 'Goredrinker', 'Spirit Visage', 'Thornmail', 'Pickaxe', 'Poro-Snax']",Control Ward 0,0,0,0
191,Defeat,Veigar,14 , 15 , 21,"43,809","36,443",ARAM,26m 10s,P/Kill 58%,silver 2,68,(2.6),"[""Luden's Tempest"", 'Morellonomicon', ""Zhonya's Hourglass"", ""Sorcerer's Shoes"", 'Void Staff', 'Shadowflame', 'Poro-Snax']",Control Ward 0,0,0,0
192,Victory,Vi,2 , 5 , 3,"5,553","20,393",Normal,27m 39s,P/Kill 26%,silver 3,140,(5.1),"[""Death's Dance"", 'Eclipse', 'Plated Steelcaps', 'Oracle Lens']",Control Ward 1,0,0,0
193,Defeat,Vi,6 , 4 , 7,"13,670","19,242",Normal,24m 12s,P/Kill 65%,silver 1,128,(5.3),"[""Caulfield's Warhammer"", 'Eclipse', 'Refillable Potion', 'Plated Steelcaps', ""Death's Dance"", 'Kindlegem', 'Oracle Lens']",Control Ward 1,0,0,0
